---- Felhasználók
--INSERT INTO USERS (ID, VERSION, FIRSTNAME, LASTNAME, SCHOOL, EMAIL, PASSWORD, ROLE) VALUES (0, 1, 'Harry', 'Potter', 'Roxfort', 'HarryTheBestWiz@rd.com', 'Salvio_hexia', 'STUDENT');
--INSERT INTO USERS (ID, VERSION, FIRSTNAME, LASTNAME, SCHOOL, EMAIL, PASSWORD, ROLE) VALUES (1, 1, 'Harry2', 'Potter2', 'Roxfort2', 'HarryTheBestWiz2@rd.com', 'Salvio_hexia', 'STUDENT');
--INSERT INTO USERS (ID, VERSION, FIRSTNAME, LASTNAME, SCHOOL, EMAIL, PASSWORD, ROLE) VALUES (2, 1, 'Harry3', 'Potter3', 'Roxfort3', 'HarryTheBestWiz@rd.com3', 'Salvio_hexia3', 'STUDENT');
---- Teszt Elek password: 1234
--INSERT INTO USERS (ID, VERSION, FIRSTNAME, LASTNAME, SCHOOL, EMAIL, PASSWORD, ROLE) VALUES (3, 1, 'Teszt', 'Elek', 'Roxfort', 'teszt@elek.com', '$2a$10$xhIdCuPXVaJr8tEtp53CaOqPfoSHLOzJZ7eHTG6i0cmfihrFTbFca', 'TEACHER');
--INSERT INTO USERS (ID, VERSION, FIRSTNAME, LASTNAME, SCHOOL, EMAIL, PASSWORD, ROLE) VALUES (4, 1, 'Teszt', 'Diak', 'HumbakFalva', 'a@a.com', '$2a$10$xhIdCuPXVaJr8tEtp53CaOqPfoSHLOzJZ7eHTG6i0cmfihrFTbFca', 'STUDENT');
--
---- Quizek
INSERT INTO ASSESSMENTS (ID, VERSION, CREATION_DATE, NAME, STAT, USER_ID) VALUES (1, 1, '2018-04-07', 'Nagyon durva quiz 1', '99.9', 3);
--INSERT INTO ASSESSMENTS (ID, VERSION, CREATION_DATE, NAME, STAT, USER_ID) VALUES (2, 1, '2018-04-08', 'Nagyon durva quiz 2', '89.9', 3);
--INSERT INTO ASSESSMENTS (ID, VERSION, CREATION_DATE, NAME, STAT, USER_ID) VALUES (3, 1, '2018-04-09', 'Nagyon durva quiz 3', '79.9', 3);
--INSERT INTO ASSESSMENTS (ID, VERSION, CREATION_DATE, NAME, STAT, USER_ID) VALUES (4, 1, '2018-04-10', 'Nagyon durva quiz 4', '69.9', 3);
--INSERT INTO ASSESSMENTS (ID, VERSION, CREATION_DATE, NAME, STAT, USER_ID) VALUES (5, 1, '2018-04-11', 'Nagyon durva quiz 5', '59.9', 3);
--
---- Quiz eredmények
--INSERT INTO ASSESSMENT_RESULTS (ID, VERSION, SCORE, STATS, USER_ID, ASSESSMENT_ID) VALUES (1, 1, 100, 100, 0, 1);
--INSERT INTO ASSESSMENT_RESULTS (ID, VERSION, SCORE, STATS, USER_ID, ASSESSMENT_ID) VALUES (2, 1, 100, 100, 1, 1);
--INSERT INTO ASSESSMENT_RESULTS (ID, VERSION, SCORE, STATS, USER_ID, ASSESSMENT_ID) VALUES (3, 1, 100, 100, 2, 1);
--INSERT INTO ASSESSMENT_RESULTS (ID, VERSION, SCORE, STATS, USER_ID, ASSESSMENT_ID) VALUES (4, 1, 100, 100, 4, 1);
--
--Kérdések
--INSERT INTO QUESTIONS (ID, VERSION, CATEGORY, QUESTION, ASSESSMENT_ID) VALUES (1, 1, 'matek', 'Mennyi 1+1?', '1');
--INSERT INTO QUESTIONS (ID, VERSION, CATEGORY, QUESTION, ASSESSMENT_ID) VALUES (2, 1, 'matek', 'Mennyi 2*2?', '1');
--
--Válaszok
--INSERT INTO ANSWERS (ID, VERSION, ANSWER, RIGHT_ANSWER, QUESTION_ID) VALUES (1, 1, '100', FALSE, '1');
--INSERT INTO ANSWERS (ID, VERSION, ANSWER, RIGHT_ANSWER, QUESTION_ID) VALUES (2, 1, '1', FALSE, '1');
--INSERT INTO ANSWERS (ID, VERSION, ANSWER, RIGHT_ANSWER, QUESTION_ID) VALUES (3, 1, '5', FALSE, '1');
--INSERT INTO ANSWERS (ID, VERSION, ANSWER, RIGHT_ANSWER, QUESTION_ID) VALUES (4, 1, '2', TRUE, '1');
--
--INSERT INTO ANSWERS (ID, VERSION, ANSWER, RIGHT_ANSWER, QUESTION_ID) VALUES (5, 1, '100', FALSE, '2');
--INSERT INTO ANSWERS (ID, VERSION, ANSWER, RIGHT_ANSWER, QUESTION_ID) VALUES (6, 1, '1', FALSE, '2');
--INSERT INTO ANSWERS (ID, VERSION, ANSWER, RIGHT_ANSWER, QUESTION_ID) VALUES (7, 1, '4', TRUE, '2');
--INSERT INTO ANSWERS (ID, VERSION, ANSWER, RIGHT_ANSWER, QUESTION_ID) VALUES (8, 1, '2+2', TRUE, '2');